Model,F1 Score
Label_ClinicalBERT,0.9296389080753176
Label_BERT,0.9321769127695391
Label_BioBERT,0.9390806319130954
Label_Data1,0.9134138717943829
Label_Data2,0.28065682098287237
Label_Data3,0.3853270758219698
Label_Data5,0.4998250091533673
